{
  "k": 10,
  "num_queries": 1749,
  "recall_at_k": 0.9634076615208691,
  "precision_at_k": 0.0963407661520869,
  "hit_rate_at_k": 0.9634076615208691,
  "mrr": 0.8274722293962612,
  "ndcg_at_k": 0.8601853896886898
}
