{
  "k": 10,
  "num_queries": 1749,
  "recall_at_k": 0.9634076615208691,
  "precision_at_k": 0.0963407661520869,
  "hit_rate_at_k": 0.9634076615208691,
  "mrr": 0.8274722293962612,
  "ndcg_at_k": 0.8601853896886898,
  "recall_at_k_ci": {
    "point": 0.9634076615208691,
    "low": 0.9542595769010863,
    "high": 0.9719839908519153,
    "confidence": 0.95
  },
  "mrr_ci": {
    "point": 0.8274722293962612,
    "low": 0.8130894575388233,
    "high": 0.841725638435939,
    "confidence": 0.95
  }
}
