{
  "dense": {
    "k": 10,
    "num_queries": 20,
    "recall_at_k": 0.9,
    "precision_at_k": 0.09,
    "hit_rate_at_k": 0.9,
    "mrr": 0.6905128205128206,
    "ndcg_at_k": 0.7398712314377457
  },
  "bm25": {
    "k": 10,
    "num_queries": 20,
    "recall_at_k": 0.9,
    "precision_at_k": 0.09,
    "hit_rate_at_k": 0.9,
    "mrr": 0.6777777777777778,
    "ndcg_at_k": 0.7320892854268384
  },
  "hybrid (RRF)": {
    "k": 10,
    "num_queries": 20,
    "recall_at_k": 0.85,
    "precision_at_k": 0.085,
    "hit_rate_at_k": 0.85,
    "mrr": 0.7462426900584795,
    "ndcg_at_k": 0.7661732909393882
  }
}
