{
  "article (current)": {
    "k": 10,
    "num_queries": 20,
    "recall_at_k": 0.95,
    "precision_at_k": 0.095,
    "hit_rate_at_k": 0.95,
    "mrr": 0.9022727272727273,
    "ndcg_at_k": 0.9130929753571457
  },
  "fixed-size": {
    "k": 10,
    "num_queries": 20,
    "recall_at_k": 0.95,
    "precision_at_k": 0.095,
    "hit_rate_at_k": 0.95,
    "mrr": 0.8767857142857143,
    "ndcg_at_k": 0.8946394630357186
  },
  "whole-document": {
    "k": 10,
    "num_queries": 20,
    "recall_at_k": 0.95,
    "precision_at_k": 0.095,
    "hit_rate_at_k": 0.95,
    "mrr": 0.8240522875816992,
    "ndcg_at_k": 0.8494456399281252
  }
}
