{
  "k": 10,
  "num_queries": 20,
  "recall_at_k": 0.9,
  "precision_at_k": 0.09,
  "hit_rate_at_k": 0.9,
  "mrr": 0.7491666666666666,
  "ndcg_at_k": 0.7833247437591728
}
